Structure,Overall Confidence Score,Complex pLDDT,Complex ipLDDT,Ligand iPTM,Protein iPTM,Complex pDE,Complex ipDE,Protein (Chain A) pTM,Ligand (Chain L) pTM,Protein-Protein iPTM,Protein-Ligand iPTM,Ligand-Protein iPTM,Ligand-Ligand iPTM,Affinity (log10 IC50 µM),Binder Probability,Binder Probability (%)
EPAC1_wt,0.9545413255691528,0.9476126432418823,0.9725290536880493,0.9822558760643005,0.0,0.31812384724617004,0.3532913625240326,0.9363746643066406,0.9781640768051147,0.9363746643066406,0.8020548820495605,0.9822558760643005,0.9781640768051147,-0.8832765817642212,0.8032745122909546,80.32745122909546
